{
  "Ansi 12 Color (Light)" : {
    "Red Component" : 0.05438985675573349,
    "Color Space" : "Calibrated",
    "Blue Component" : 0.39446473121643066,
    "Alpha Component" : 1,
    "Green Component" : 0.3268389105796814
  },
  "Ansi 15 Color (Dark)" : {
    "Red Component" : 0.17867125570774078,
    "Color Space" : "Calibrated",
    "Blue Component" : 0.15993706881999969,
    "Alpha Component" : 1,
    "Green Component" : 0.16613791882991791
  },
  "Foreground Color (Dark)" : {
    "Red Component" : 0.17867125570774078,
    "Color Space" : "Calibrated",
    "Blue Component" : 0.15993706881999969,
    "Alpha Component" : 1,
    "Green Component" : 0.16613791882991791
  },
  "Cursor Text Color" : {
    "Red Component" : 0.027450980392156862,
    "Color Space" : "sRGB",
    "Blue Component" : 0.25882352941176473,
    "Green Component" : 0.21176470588235294
  },
  "Prompt Before Closing 2" : false,
  "Ansi 3 Color (Dark)" : {
    "Red Component" : 0.80126690864562988,
    "Color Space" : "Calibrated",
    "Blue Component" : 0.10328958928585052,
    "Alpha Component" : 1,
    "Green Component" : 0.53254079818725586
  },
  "Ansi 12 Color (Dark)" : {
    "Red Component" : 0.05438985675573349,
    "Color Space" : "Calibrated",
    "Blue Component" : 0.39446473121643066,
    "Alpha Component" : 1,
    "Green Component" : 0.3268389105796814
  },
  "Mouse Reporting" : true,
  "Use Underline Color (Light)" : false,
  "Disable Window Resizing" : false,
  "Status Bar Layout" : {
    "components" : [

    ],
    "advanced configuration" : {
      "remove empty components" : false,
      "font" : ".AppleSystemUIFont 12",
      "algorithm" : 0,
      "auto-rainbow style" : 3
    }
  },
  "BM Growl" : true,
  "Background Color (Dark)" : {
    "Red Component" : 0.97939503192901611,
    "Color Space" : "Calibrated",
    "Blue Component" : 0.73338055610656738,
    "Alpha Component" : 1,
    "Green Component" : 0.93639552593231201
  },
  "Guid" : "87CBA829-DC4E-4DC3-BADE-4E33B31D480C",
  "Cursor Color (Dark)" : {
    "Red Component" : 0.17867125570774078,
    "Color Space" : "Calibrated",
    "Blue Component" : 0.15993706881999969,
    "Alpha Component" : 1,
    "Green Component" : 0.16613791882991791
  },
  "Selection Color (Dark)" : {
    "Red Component" : 0.17867125570774078,
    "Color Space" : "Calibrated",
    "Blue Component" : 0.15993706881999969,
    "Alpha Component" : 1,
    "Green Component" : 0.16613791882991791
  },
  "Scrollback Lines" : 5000,
  "Badge Color (Dark)" : {
    "Red Component" : 0.7928692102432251,
    "Color Space" : "Calibrated",
    "Blue Component" : 0.056549370288848877,
    "Alpha Component" : 0.5,
    "Green Component" : 0.28100395202636719
  },
  "Open Password Manager Automatically" : false,
  "Ansi 0 Color (Dark)" : {
    "Red Component" : 0.97939503192901611,
    "Color Space" : "Calibrated",
    "Blue Component" : 0.73338055610656738,
    "Alpha Component" : 1,
    "Green Component" : 0.93639552593231201
  },
  "Transparency" : 0,
  "Use Bright Bold" : true,
  "Horizontal Spacing" : 1,
  "Ansi 13 Color (Light)" : {
    "Red Component" : 0.48193711042404175,
    "Color Space" : "Calibrated",
    "Blue Component" : 0.36767596006393433,
    "Alpha Component" : 1,
    "Green Component" : 0.170136958360672
  },
  "Blur" : false,
  "Ansi 13 Color" : {
    "Red Component" : 0.42352941176470588,
    "Color Space" : "sRGB",
    "Blue Component" : 0.7686274509803922,
    "Green Component" : 0.44313725490196076
  },
  "Ansi 2 Color (Dark)" : {
    "Red Component" : 0.52591603994369507,
    "Color Space" : "Calibrated",
    "Blue Component" : 0.082894742488861084,
    "Alpha Component" : 1,
    "Green Component" : 0.53061914443969727
  },
  "Cursor Color" : {
    "Red Component" : 0.51372549019607838,
    "Color Space" : "sRGB",
    "Blue Component" : 0.58823529411764708,
    "Green Component" : 0.58039215686274515
  },
  "Use Cursor Guide (Light)" : false,
  "Option Key Sends" : 0,
  "Idle Code" : 0,
  "Ansi 13 Color (Dark)" : {
    "Red Component" : 0.48193711042404175,
    "Color Space" : "Calibrated",
    "Blue Component" : 0.36767596006393433,
    "Alpha Component" : 1,
    "Green Component" : 0.170136958360672
  },
  "Send Code When Idle" : false,
  "Selection Color" : {
    "Red Component" : 0.027450980392156862,
    "Color Space" : "sRGB",
    "Blue Component" : 0.25882352941176473,
    "Green Component" : 0.21176470588235294
  },
  "Terminal Type" : "xterm-256color",
  "Show Status Bar" : false,
  "Cursor Boost (Dark)" : 0,
  "Right Option Key Sends" : 0,
  "Background Color" : {
    "Red Component" : 0,
    "Color Space" : "sRGB",
    "Blue Component" : 0.21176470588235294,
    "Green Component" : 0.16862745098039217
  },
  "Ansi 10 Color (Dark)" : {
    "Red Component" : 0.3988109827041626,
    "Color Space" : "Calibrated",
    "Blue Component" : 0.052511699497699738,
    "Alpha Component" : 1,
    "Green Component" : 0.3858717679977417
  },
  "Ansi 10 Color" : {
    "Red Component" : 0.34509803921568627,
    "Color Space" : "sRGB",
    "Blue Component" : 0.45882352941176469,
    "Green Component" : 0.43137254901960786
  },
  "Vertical Spacing" : 1,
  "Use Tab Color (Light)" : false,
  "Columns" : 120,
  "Ansi 2 Color (Light)" : {
    "Red Component" : 0.52591603994369507,
    "Color Space" : "Calibrated",
    "Blue Component" : 0.082894742488861084,
    "Alpha Component" : 1,
    "Green Component" : 0.53061914443969727
  },
  "Screen" : -1,
  "Cursor Text Color (Dark)" : {
    "Red Component" : 0.97939503192901611,
    "Color Space" : "Calibrated",
    "Blue Component" : 0.73338055610656738,
    "Alpha Component" : 1,
    "Green Component" : 0.93639552593231201
  },
  "Description" : "Default",
  "Unlimited Scrollback" : false,
  "Use Italic Font" : true,
  "Working Directory" : "\/Users\/sugar",
  "Selected Text Color (Dark)" : {
    "Red Component" : 0.68568128347396851,
    "Color Space" : "Calibrated",
    "Blue Component" : 0.50497335195541382,
    "Alpha Component" : 1,
    "Green Component" : 0.62249547243118286
  },
  "Use Cursor Guide (Dark)" : false,
  "Visual Bell" : true,
  "Link Color (Light)" : {
    "Red Component" : 0.7928692102432251,
    "Color Space" : "Calibrated",
    "Blue Component" : 0.056549370288848877,
    "Alpha Component" : 1,
    "Green Component" : 0.28100395202636719
  },
  "Ansi 1 Color (Dark)" : {
    "Red Component" : 0.74529051780700684,
    "Color Space" : "Calibrated",
    "Blue Component" : 0.090684391558170319,
    "Alpha Component" : 1,
    "Green Component" : 0.05879192054271698
  },
  "Default Bookmark" : "No",
  "Ansi 14 Color (Light)" : {
    "Red Component" : 0.2062048614025116,
    "Color Space" : "Calibrated",
    "Blue Component" : 0.27463468909263611,
    "Alpha Component" : 1,
    "Green Component" : 0.41390609741210938
  },
  "Ansi 7 Color (Light)" : {
    "Red Component" : 0.40959125757217407,
    "Color Space" : "Calibrated",
    "Blue Component" : 0.31861674785614014,
    "Alpha Component" : 1,
    "Green Component" : 0.360250324010849
  },
  "Ansi 3 Color (Light)" : {
    "Red Component" : 0.80126690864562988,
    "Color Space" : "Calibrated",
    "Blue Component" : 0.10328958928585052,
    "Alpha Component" : 1,
    "Green Component" : 0.53254079818725586
  },
  "Ansi 9 Color (Dark)" : {
    "Red Component" : 0.5389401912689209,
    "Color Space" : "Calibrated",
    "Blue Component" : 0.034902941435575485,
    "Alpha Component" : 1,
    "Green Component" : 0
  },
  "Badge Color (Light)" : {
    "Red Component" : 0.7928692102432251,
    "Color Space" : "Calibrated",
    "Blue Component" : 0.056549370288848877,
    "Alpha Component" : 0.5,
    "Green Component" : 0.28100395202636719
  },
  "Ansi 14 Color (Dark)" : {
    "Red Component" : 0.2062048614025116,
    "Color Space" : "Calibrated",
    "Blue Component" : 0.27463468909263611,
    "Alpha Component" : 1,
    "Green Component" : 0.41390609741210938
  },
  "Tags" : [

  ],